channel_handle,channel_id,channel_name,niche,game_or_topic,notes,
@GamingWithCameron,,GamingWithCameron,gaming,
@LastGameHunter,,LastGameHunter,gaming,
@S4L_Tripp,,S4L_Tripp,gaming
@getthegreg,,getthegreg,gaming
@kriscoolmod,,kriscoolmod,gaming
@feyd,,feyd,gaming
@fantayzia,,fantayzia,gaming
@aerith,,aerith,gaming
@majinphil,,majinphil,gaming
@mrsujano,,mrsujano,gaming
@rooflemonger,,rooflemonger,gaming
@doctorglitch,,doctorglitch,gaming
@jaybartlett1975,,jaybartlett1975,gaming
@NickEh30,,NickEh30,gaming
@SquishyMuffinz,,SquishyMuffinz,gaming
@PrestonPlayz,,PrestonPlayz,gaming
@MrBeastGaming,,MrBeastGaming,gaming
@JoeBartGames,,JoeBartGames,gaming
@gameranxTV,,gameranxTV,gaming
@FoltynFamily,,FoltynFamily,gaming

